6,Fraser,Korneev,fstappard5
7,Demott,Rapson,lhambling6
15,Sadella,Jaram,wheinerte
17,Hewitt,Trammel,droughsedgeg
19,Ted,Knowlys,ydudeniei
23,Annmarie,Lafond,fmyttonm
28,Toma,Sokell,bfletcherr
30,Ram,Lefever,gturleyt
31,Raddie,Heindle,calyukinu
33,Wallie,Caws,ckleinlererw
34,Derril,Varfolomeev,pshanklandx
39,Kelcy,Wheway,enelane12
40,Dorree,Rookeby,sfollet13
41,Martyn,Tott,mtesh14
43,Cally,Thody,tseyfart16
45,Ted,Pittaway,hfarrier18
48,Fifi,Lidgley,nabbie1b
50,Ashely,O'Hern,ystadding1d
53,Diannne,Osbaldeston,hhallgalley1g
60,Sonny,Jeskin,ageaveny1n
63,Aguie,Wark,nabramsky1q
67,Archambault,Hulmes,eblackboro1u
69,Hayden,Stubbin,mmatuschek1w
70,Marmaduke,Malloy,nruegg1x
71,Richart,Doodney,sdobing1y
73,Kathleen,Kohen,cord20
76,Roby,Pichan,ghearl23
77,Town,Cust,aheaseman24
78,Conny,Victoria,ghullot25
79,Phillida,Hiscoe,bfollett26
80,Zolly,Bough,neaklee27
84,Axe,Bolderson,csimonett2b
85,Betteanne,Whittock,mmickan2c
86,Lewiss,Hargrave,bvenmore2d
88,Delmer,Walley,jwaberer2f
93,Cornell,Enrietto,gmeekins2k
95,Emanuel,Blaine,dflury2m
97,Lutero,Wand,ajovasevic2o
98,Gustaf,Staten,esalan2p
99,Emalia,Kynett,mcham2q
100,Alanson,Rushforth,bthoday2r
101,Alexei,Driver,mrabley2s
102,Art,Hawtry,folczak2t
106,Nerta,Penylton,rtesto2x
107,Vite,Corp,adomenici2y
111,Dion,Marcos,lpawlicki32
113,Anna,Myatt,atitmus34
114,Stearn,Joanaud,mhazelgrove35
115,Yasmin,Jarrard,diaduccelli36
120,Tome,Cicchetto,vcovotto3b
123,Verine,Incogna,mbrear3e
126,Aylmer,Basant,btolley3h
127,Lem,Eastwood,ituvey3i
130,Kippy,Panter,gtrundell3l
131,Pattie,Petrusch,mcousin3m
133,Hy,Ensley,mwadesworth3o
136,Ronna,Diboll,mmannagh3r
137,Margie,Bartolomeazzi,gpowton3s
138,Anissa,Cristol,rdalston3t
140,Cyndia,Halton,bpatesel3v
141,Petunia,Lukins,kgiddings3w
143,Auguste,Wase,jprandoni3y
149,Tani,Childerhouse,awellman44
150,Camel,Anselmi,lminthorpe45
153,Isaiah,Caccavella,cflemming48
154,Gwenni,De la Zenne,aarrowsmith49
158,Nonnah,Brabant,jphin4d
162,Zarla,Hacket,mcubbin4h
163,Olympie,Casse,educker4i
166,Bogey,Abele,bbuie4l
172,Catharina,Tippell,iedmonstone4r
174,Gabrielle,Hinckes,kskinley4t
180,Leena,Francisco,hboutellier4z
186,Kettie,Pollitt,hgull55
187,Gardener,Baish,dyarwood56
188,Dorthy,Callicott,jfarra57
190,Jolie,Graal,lashbee59
192,Levy,Harbard,dandrioletti5b
194,Sonja,Calladine,egoodship5d
195,Kim,Kybbye,wshafto5e
196,Maxy,Hamblen,fabbitt5f
197,Reagen,Stollmeier,kitshak5g
202,Marlowe,Laxson,gforde5l
203,Sarine,Pickton,cricharz5m
205,Anette,Larmet,mdrogan5o
206,Nicola,Munns,ttomkies5p
207,Magdaia,Klinck,bgamon5q
208,De witt,Percifull,mbourget5r
213,Dewey,Trulock,iburgwyn5w
215,Liza,Jobling,wlomasna5y
218,Cassie,Jendrach,gsykes61
220,Elsy,Faley,jtidy63
223,Lotta,Gouinlock,kgething66
224,Henri,Mixter,bgillise67
227,Ivy,Peart,ydugald6a
231,Gabie,Schimonek,fkitchen6e
232,Ramonda,Brennon,cpadginton6f
233,Angela,Stothart,wludwikiewicz6g
235,Eartha,Bentick,vpiatkowski6i
238,Consalve,Givens,bmirando6l
239,Letta,Cottrell,wpitbladdo6m
240,Gardie,Snufflebottom,bchappel6n
241,Heywood,Gheeorghie,bosban6o
243,Ansell,Dubbin,kboath6q
245,Gustav,Lunk,ghounsom6s
247,Hanny,Mellody,ckall6u
248,Cammie,Bristo,nciccarelli6v
249,Junie,Caveill,kgadault6w
252,Sanson,Thomasson,tbalmer6z
254,Benton,Peirson,rbeccera71
255,Jessica,Jacquest,dfielden72
256,Cos,Joye,gscown73
257,Marlane,Lathleiffure,kscandroot74
260,Irene,Mulvihill,dgwynn77
261,Aurelie,Di Franceschi,gpagden78
264,Natasha,Shailer,rstubbeley7b
272,Jordanna,Fransson,bphripp7j
278,Jonah,Garnsworth,jmarciskewski7p
280,Berget,Le Noire,smcart7r
282,Dionis,Elphee,fnewlove7t
283,Gladi,Lyttle,akinforth7u
284,Milt,Giacomini,avobes7v
287,Ann,Antonias,sofen7y
288,Berti,Bidwell,rkirstein7z
289,Amalle,Woolam,dgermann80
292,Florri,Dearing,jpatise83
293,Constantina,Sobey,gepps84
294,Monty,Olivello,abackhouse85
295,Harman,Trow,caffron86
299,Elias,Kingsworth,sdagnan8a
300,Kirsteni,Shah,phayne8b
301,Domenic,Mealing,zkell8c
303,Tobe,Werlock,vwinspeare8e
305,Xylia,Harder,lpreston8g
306,Charline,Howood,lbretelle8h
309,Rhona,Snaden,ccritten8k
310,Vergil,Worley,fleads8l
312,Adriano,Kerr,sdesvignes8n
313,Agosto,Canepe,ktremollet8o
314,Nessa,Eatock,adelmonte8p
317,Frans,Edinburgh,loleszcuk8s
318,Bradney,Cansdall,kpracy8t
322,Arlee,Shearmur,zbriars8x
324,Trudy,Keningham,dbukowski8z
325,Tadeo,Stiffell,krundall90
326,Kiley,Denison,kschermick91
329,Darlene,Tubb,cthomen94
330,Jeniece,Lawrence,alemmon95
331,Valaree,Breawood,zparnall96
332,Brandise,Sykora,epostance97
335,Lula,Lamshead,jyewen9a
336,Ericka,Denys,pburet9b
341,Merrie,Schoales,cmushett9g
343,Marjie,Jaggard,ajaram9i
350,Lucina,Deesly,msalazar9p
353,Henrie,Room,lgiggie9s
354,Melva,Preist,salsop9t
355,Fax,Scrauniage,giohananof9u
362,Willis,Peniman,fmcgrirla1
363,Britt,Lindsley,kmcneea2
364,Ase,Fibbens,devea3
367,Martin,Brand,rbinga6
368,Lynett,Chadwell,tdriolia7
370,Melania,Sands-Allan,nbrosettia9
372,Bennett,Dragon,iginglesab
374,Benedicta,Sustins,kwillsheead
375,Malissia,Lardeur,ewrayae
376,Meghan,Iremonger,icamplejohnaf
378,Codee,Durn,dhalladeyah
380,Darb,Fawcett,agraftonherbertaj
381,Zeb,Rummer,fkaleyak
382,Amery,Gorner,rskewesal
383,Marcy,Billin,cgersonam
384,Stevie,Siveter,lhaskewan
386,Miner,Fruser,iwharfap
388,Loralee,Pudney,hroullierar
389,Chastity,Noore,efreddias
390,Burl,Flott,ktiltmanat
393,Lola,Haddington,mmaclarenaw
395,Coral,Edens,qscrowbyay
397,Netty,Smorthwaite,mglavesb0
398,Tymon,Brixey,mpenwrightb1
399,Gerda,Jennery,bbusbyb2
405,Forester,Buffy,tpenmanb8
406,Page,Malt,cmcilwrathb9
410,Jamaal,Kinsella,kwetheredbd
412,Lizette,Ancliff,sjensonbf
414,Granny,Breslauer,ttrevithickbh
416,Prisca,Patman,abraistedbj
418,Patten,Kluge,aeddisfordbl
420,Cairistiona,Lahrs,clamarbn
421,Nicky,Scranedge,cdennebo
422,Robbin,Marr,phadleybp
423,Judy,Billingsly,giacobaccibq
424,Moritz,Desquesnes,igoulderbr
426,Evvy,Le Marquand,krisingbt
427,Felix,Sedgemond,aimpettbu
428,Hilliary,Seathwright,edickmanbv
432,Egor,McCorley,pmolnarbz
433,Zollie,Sleightholm,pborleacec0
437,Maxwell,Cankett,bgeddisc4
439,Nickola,Dikes,ddegnenc6
440,Avictor,Nornasell,kofergusc7
443,Claudianus,Been,slazarca
446,Darleen,Brave,mabrahamovitzcd
447,Stephannie,Sidry,gconnachance
449,Breanne,Dukes,mwoodfincg
450,Alfy,Getcliffe,cyarnoldch
451,Jessalin,Quarry,sskudderci
453,Hailee,Shackle,ibrunstanck
455,Austine,Dows,avongladbachcm
456,Danica,Dallinder,ksympercn
458,Crichton,Addie,egarfirthcp
459,Chiquita,Utridge,rbruninicq
461,Jerry,MacGaughie,mloniecs
462,Ruthie,Pickring,bhazaelct
464,Cosme,Yurkov,mnarbettcv
465,Analiese,Gossop,abaynescw
466,Anjela,Biffin,wbeesecx
469,Marianna,Bamborough,jnapolid0
472,Worden,Embery,lbaldingd3
476,Winnifred,Bigglestone,smincinid7
477,Brenn,Rochford,bmacdonaghd8
480,Kippie,Prichet,pwingatedb
481,Clementina,Pickervance,ldalliwatrdc
482,Sandra,Maes,hhedgemandd
485,Dodi,Stickells,ybournedg
488,Lucius,Sperring,oknaptondj
489,Charo,Canelas,hshackletondk
493,Neilla,Houston,hcaberado
494,Emmit,Baldi,lpaddledp
498,Mommy,Brawson,rcuestadt
501,Malia,Kohtler,mloughandw
503,Lavinia,Standley,wsimondsondy
506,Saree,McCarney,tyarnalle1
507,Anet,Duffit,eashcrofte2
511,Lurleen,Beardsdale,ksimane6
512,Saree,Twidale,eblackneye7
516,Siobhan,Abelovitz,cdeatheb
518,Bibbye,Searby,oroizined
519,Darrick,Hodge,asharnockee
520,Quillan,Roj,kccominief
521,Heinrick,Edon,evanyutineg
522,Willie,Losbie,mblakslandeh
527,Gwendolin,Tudge,jstaversem
528,Eleanor,Hewell,civachyoven
529,Terrijo,Hamberstone,amactrustrameo
530,Jerome,Roan,gskuseep
531,Linus,Robart,egiriardellieq
532,Alair,Blais,dstronougher
533,Land,Andree,sbradderes
534,Luke,Ditchburn,cguilloneauet
535,Isac,Beddingham,kmulderrigeu
537,Arlen,Blose,fgerritzenew
541,Franzen,Duckerin,tcaberasf0
544,Sergio,Adame,ckentishf3
545,Zeke,Kynton,dkeaseyf4
546,Jacquenette,Bretland,fskucef5
552,Charisse,Innocent,hcolbranfb
553,Damon,Maffey,adanilishinfc
554,Querida,Haggidon,rhempelfd
555,Symon,Stubbington,kgorghettofe
557,Sunshine,Knowles,bdumphreyfg
558,Simon,Southway,brankinefh
559,Sherman,Gayforth,ctomkiesfi
560,Ericka,Bagnal,bsebleyfj
564,Willi,Filippo,pjeanenetfn
567,Rip,Fitzroy,gwinterscalefq
569,Marietta,Cranston,glantuffefs
575,Margeaux,Andrei,otumefy
577,Thorndike,Rayson,blorencg0
578,Oren,Pimbley,seskriggg1
579,Tedman,Pasley,ifeyg2
581,Mia,Belitz,mfolshomg4
584,Jaimie,Cockshtt,rogormleyg7
589,Alva,Tregido,jkewgc
593,Valina,Clutton,apetrassogg
598,Maribelle,Sjostrom,jcrackettgl
599,Faydra,Rignall,gplumergm
603,Nixie,Vaulkhard,npoultneygq
605,Gilbertina,Wilkinson,cruppelings
606,Antoine,Gahan,dpeddargt
607,Gwennie,Scadding,nmcfadegu
609,Warde,Aronowitz,cbatiegw
610,Roger,Lumsdaine,cspinettigx
611,Ellsworth,Shallo,fjimegy
612,Ransell,Durno,hsymonesgz
613,Gilli,Meir,lmackaigh0
614,Shelagh,Sherburn,jbraistedh1
615,Micheil,Seeley,emagogh2
616,Liliane,Counihan,misakovh3
618,Patty,Duesbury,cnewburyh5
620,Eberto,Joincey,cdillwayh7
622,Dynah,McAster,smcconaghyh9
626,Pearla,Morsey,sgeerehd
630,Wenona,Blakey,ccharltonhh
632,Gris,Daley,pdreverhj
633,Paulina,Belloch,hpammenthk
635,Lucias,Danbi,hfattorinihm
637,Carleen,Duggan,cworrellho
639,Laureen,Cowper,gyvenshq
640,Maurits,Thurstan,alaughlinhr
642,Beverly,Dumsday,echildeht
643,Nicolette,Gwyneth,asparkehu
644,Esther,Kirvell,theatheringtonhv
645,Naomi,Lenz,bclymohw
646,Althea,Kilpatrick,hlendremhx
647,Joe,Woolen,crooteshy
648,Zeke,Capron,gatyeohz
649,Sofia,Edgworth,nbeevori0
651,Sharity,Arnold,dwhickmani2
654,Vina,Di Domenico,stantumi5
656,Darbie,Burl,dabbisi7
657,Corilla,Dorken,heuplatei8
658,Sharon,Limpenny,asperwelli9
659,Rochelle,Barff,dmatussevichia
662,Davidson,Daveran,cbidgoodid
665,Terry,Robillart,ceclesig
667,Aurora,Tweedlie,jraviliousii
670,Ophelie,Potter,otewesil
673,Charisse,Hamflett,bbebisio
679,Marilin,Talkington,lgureryiu
680,Peder,Thornthwaite,hwickersoniv
681,Elisha,Lanston,dpierrepontiw
685,Nola,Colling,tfealtyj0
688,Marisa,Danielkiewicz,icomarj3
689,Auguste,Greatland,cbanbrookj4
690,Lindsey,Talmadge,lfellneej5
694,Alleyn,Ellph,dingersonj9
695,Anna-diane,Lamperti,usammsja
697,Zenia,Rudsdale,cbassonjc
698,Antonina,Garstang,whaggasjd
702,Brana,Degli Antoni,wfloydjh
704,Rose,LaBastida,craddinjj
706,Ted,Formigli,nbraidjl
707,Frazier,Philipsson,iriccijm
710,Sissie,Longthorne,hemlynjp
712,Madalena,Albin,hpoyntzjr
713,Katherina,Iianon,edolanjs
714,Mallory,Dakers,lwimbushjt
715,Bettina,Blenkharn,dlinnyju
718,Zonda,Sill,ebiaggettijx
723,Adele,Clem,cdornk2
725,Arleen,Antuoni,jmacpheek4
726,Kristel,Moncreiffe,wciobutaruk5
727,Nan,Stutte,hgrowcockk6
728,Kenton,Mellon,rbillingslyk7
732,Margret,Maes,jalvareskb
734,Agathe,Foxen,cstraneokd
737,Dee,Bagniuk,vrustedgekg
739,Lamond,Linner,rtunnahki
740,Dannye,Whatford,cwarlockkj
741,Auria,Joisce,bboaskk
742,Zorina,Rozet,sfowneskl
745,Neely,McCowan,zingamellsko
747,Thomas,Berkelay,wknoxkq
748,Thorn,Philpott,jjennokr
749,Elias,Lorkins,iitzkoviciks
750,Ase,Stonnell,mandreekt
751,Bealle,Duffan,sbelfku
753,Ripley,Roydon,rsawnwykw
754,Noll,Caps,cewbanckkx
755,Kendell,Reef,bgasnellky
757,Calla,Potes,rfancuttl0
758,Herve,Gregine,lbaudinl1
760,Bartholomeo,Ramelot,hwimmerl3
763,Stacie,Ovett,gdayleyl6
764,Daisey,Gerram,bcaffinl7
765,Dona,Bust,kdunbabinl8
766,Kissie,Zavattiero,tpeplowl9
769,Abdel,Pethick,eluquetlc
771,Jereme,Jurick,vwermerlingle
772,Silvie,Bernadzki,mgillogleylf
775,Alvira,Bartali,asemarkli
777,Muffin,Jubert,ghaslumlk
780,Della,Merryfield,akerln
782,Reeba,Bolduc,jheckslp
784,Miriam,Haith,dmcdavidlr
787,Samaria,Dunlop,lhorsfieldlu
788,Candace,Izen,lhanlonlv
791,Chiquia,Skillings,hgriffittsly
793,Dianna,Skirling,hgilhouleym0
794,Hadria,Cornew,llunam1
796,Maribel,Gainsboro,askipseam3
798,Karna,Mauser,snewlingm5
800,Morly,Crookshanks,titzcakm7
802,Bendite,Shanahan,rgraddellm9
804,Byrle,Janata,skeyesmb
805,Lee,Wrettum,bmessitermc
806,Rozelle,Jukes,cstannionmd
807,Vladamir,Kendred,sniaveme
809,Man,holmes,sangrickmg
812,Edward,Gladding,winkstermj
813,Conrade,Haddow,lpatridgemk
816,Jimmy,Waples,njenneymn
817,Oby,Grimsditch,ogreenlessmo
821,Martyn,Manning,slammerichms
823,Donnie,Gurery,whedworthmu
826,Edsel,Moule,lskellionmx
827,Mikaela,Blenkin,btrouncemy
831,Lotti,Southard,xchuggn2
832,Lindsey,Simukov,akinkaidn3
837,Torin,Binch,lshipwayn8
840,Randell,McPharlain,mayrsnb
843,Clayton,Shirt,klapidusne
849,Eveline,Waudby,gduerdennk
850,Clerissa,di Rocca,scastiellonl
854,Darryl,Morston,sdibbertnp
855,Karolina,Fraczek,dmiddlemissnq
856,Sidonia,Landsman,hdomicannr
859,Abbie,Boshell,lerleynu
861,Riane,Van Cassel,gnodesnw
862,Caro,Fontaine,rwattnx
869,Gloriana,Gouldie,jzumbuscho4
871,Livia,Bows,gdevaso6
875,Ebonee,Simonaitis,ebeddieoa
878,Florinda,Ledgerton,hduleyod
879,Carmina,Chinery,hbruffoe
880,Antonin,McGuffog,fjaneczekof
881,Sosanna,Porritt,rmanneringog
885,Bastian,Tregensoe,lleipoldok
886,Wallie,Hedderly,ltosdevinol
887,Margie,Casillas,rtyrerom
888,Meyer,Luca,apitsonon
889,Felipe,Hartrick,kjowleoo
890,Ferdinande,Blackham,lschankelborgop
893,Roshelle,Gerler,lbaggeos
896,Meade,McCard,hbauduinov
900,Frederich,Meier,sguynemeroz
903,Hamilton,O'Lagen,lreavellp2
905,Velvet,Polglase,plaintonp4
906,Garv,Chiswell,fpoleyp5
907,Antonin,Ilyukhov,ghaworthp6
909,Phaidra,Barkshire,ngrigollip8
912,Blayne,Craxford,epridenpb
922,Taylor,Blatcher,tchoppinpl
925,Kristine,Lapere,chickspo
930,Charmian,Strainge,thurrypt
931,Kalinda,Muldownie,yspierspu
933,Rodger,Rugieri,hbrinkleypw
937,Marlane,Burhouse,ssankeyq0
939,Valina,Boustead,fdacthq2
940,Jaynell,Warner,ashellcrossq3
942,Fae,Rous,whoulahanq5
944,Paxton,Dutch,marmalq7
946,Thatch,Arrault,menstoneq9
947,Phillie,Hegerty,djarleyqa
950,Jaynell,Lesslie,rponnsettqd
951,Steffane,Castane,jtonryqe
954,Korrie,Andreolli,kallcornqh
955,Vaughan,Marie,rdytonqi
958,Mill,Cure,mjockleql
959,Bevan,Burras,ehumblesqm
960,Bradford,McLeish,cremmerqn
962,Nanete,Bedson,nsaffenqp
963,Evelyn,Rennles,ddanilchevqq
964,Sarette,Ledamun,vgenneyqr
965,Paten,Barrasse,frowanqs
966,Homere,Skehens,kelionqt
968,Corey,Meys,rcurlessqv
970,Adrianne,O'Duane,hwakehamqx
971,Peder,Judge,tgaydonqy
974,Gardie,Juszkiewicz,smatchettr1
976,Melita,Seargeant,aantrobusr3
977,Erina,Chiommienti,gneildr4
979,Gardy,Leicester,jaldridger6
982,Brinna,Bermingham,tgoadbier9
987,Glyn,Tippetts,jrudyardre
988,Adlai,Sarney,kduffilrf
990,Alli,Kilban,apeacockerh
994,Dotti,Artharg,kworlockrl
996,Barb,Yushachkov,lcripwellrn
998,Dexter,Gosneye,eephgraverp
999,Sammy,Gabbatiss,kdenajerarq
1000,Ailyn,Bourges,lruffeyrr
