6,76084 Novick Court,Minnesota,fstappard5
7,86320 Dahle Park,District of Columbia,lhambling6
15,7528 Waxwing Terrace,Connecticut,wheinerte
17,2455 Corry Alley,North Carolina,droughsedgeg
19,31 South Drive,Ohio,ydudeniei
23,35 Oriole Place,Georgia,fmyttonm
28,39641 Eggendart Hill,Maryland,bfletcherr
30,9969 Laurel Alley,Texas,gturleyt
31,811 Talmadge Road,Ohio,calyukinu
33,9999 Kenwood Pass,Oregon,ckleinlererw
34,4 Jenifer Court,Florida,pshanklandx
39,93207 Morningstar Plaza,Florida,enelane12
40,2 Troy Circle,California,sfollet13
41,728 Muir Lane,Florida,mtesh14
43,1 Graceland Plaza,Florida,tseyfart16
45,767 Little Fleur Parkway,North Carolina,hfarrier18
48,6744 Sutherland Road,South Carolina,nabbie1b
50,929 Scoville Park,Florida,ystadding1d
53,0 Mesta Pass,Tennessee,hhallgalley1g
60,50 Sutherland Drive,Massachusetts,ageaveny1n
63,367 Fulton Park,Ohio,nabramsky1q
67,7345 Anthes Parkway,Florida,eblackboro1u
69,2290 Anzinger Alley,Alaska,mmatuschek1w
70,722 Beilfuss Hill,Washington,nruegg1x
71,074 Cordelia Plaza,Indiana,sdobing1y
73,98944 Golf View Place,Minnesota,cord20
76,162 Schmedeman Trail,Florida,ghearl23
77,1673 Warbler Street,New York,aheaseman24
78,54 Eagle Crest Park,Pennsylvania,ghullot25
79,7925 Butternut Pass,North Carolina,bfollett26
80,5854 Swallow Court,Louisiana,neaklee27
84,86 Hansons Circle,Missouri,csimonett2b
85,9 Lyons Hill,New York,mmickan2c
86,55964 Spaight Plaza,California,bvenmore2d
88,923 Brickson Park Center,Georgia,jwaberer2f
93,465 Hansons Road,West Virginia,gmeekins2k
95,7560 Independence Lane,New York,dflury2m
97,3 School Drive,Connecticut,ajovasevic2o
98,5 Del Mar Circle,Michigan,esalan2p
99,5719 Village Green Plaza,Minnesota,mcham2q
100,662 Ridge Oak Drive,Louisiana,bthoday2r
101,7 Meadow Ridge Trail,Michigan,mrabley2s
102,194 Old Shore Park,Pennsylvania,folczak2t
106,930 Stang Road,Mississippi,rtesto2x
107,07 Walton Junction,Florida,adomenici2y
111,2 Marcy Way,Pennsylvania,lpawlicki32
113,405 Monterey Parkway,New York,atitmus34
114,13 Green Ridge Court,Arizona,mhazelgrove35
115,85291 Caliangt Parkway,Texas,diaduccelli36
120,8 Harbort Park,Texas,vcovotto3b
123,203 Grim Drive,Virginia,mbrear3e
126,88 Lakewood Gardens Junction,Florida,btolley3h
127,4 5th Avenue,Texas,ituvey3i
130,227 Mockingbird Terrace,Arkansas,gtrundell3l
131,89777 Dawn Parkway,Texas,mcousin3m
133,6808 Independence Circle,District of Columbia,mwadesworth3o
136,04002 Thierer Lane,Texas,mmannagh3r
137,9 Buhler Drive,Idaho,gpowton3s
138,919 Stuart Plaza,Illinois,rdalston3t
140,617 Stuart Junction,Florida,bpatesel3v
141,0730 Menomonie Junction,Massachusetts,kgiddings3w
143,350 Hanson Parkway,Florida,jprandoni3y
149,8 Portage Junction,Colorado,awellman44
150,6 Donald Park,Colorado,lminthorpe45
153,7694 Monument Center,Texas,cflemming48
154,07 Declaration Crossing,Minnesota,aarrowsmith49
158,8160 Del Sol Hill,Ohio,jphin4d
162,3 Russell Crossing,North Carolina,mcubbin4h
163,98 Linden Avenue,Florida,educker4i
166,32084 Burrows Way,District of Columbia,bbuie4l
172,67602 Rockefeller Alley,Texas,iedmonstone4r
174,4 Stoughton Lane,Kentucky,kskinley4t
180,916 Barby Way,California,hboutellier4z
186,514 Hazelcrest Plaza,South Dakota,hgull55
187,6 Butternut Plaza,Colorado,dyarwood56
188,1 Hoard Junction,Florida,jfarra57
190,03604 Mifflin Circle,Texas,lashbee59
192,3362 Texas Crossing,Virginia,dandrioletti5b
194,7 Mcguire Park,Hawaii,egoodship5d
195,08 American Ash Pass,Texas,wshafto5e
196,15 Duke Terrace,Ohio,fabbitt5f
197,92917 Dottie Hill,Georgia,kitshak5g
202,8989 Rockefeller Road,Mississippi,gforde5l
203,930 Swallow Drive,District of Columbia,cricharz5m
205,33059 Brickson Park Point,Connecticut,mdrogan5o
206,4214 Bobwhite Alley,Massachusetts,ttomkies5p
207,4391 Dexter Crossing,Florida,bgamon5q
208,360 Bunting Point,Kansas,mbourget5r
213,65311 Esker Lane,Minnesota,iburgwyn5w
215,0 Blackbird Hill,Maryland,wlomasna5y
218,71 Northfield Avenue,Tennessee,gsykes61
220,58043 Everett Alley,Massachusetts,jtidy63
223,484 Bluejay Court,Texas,kgething66
224,0 Erie Place,Michigan,bgillise67
227,8 Maryland Road,Texas,ydugald6a
231,31561 Randy Park,Minnesota,fkitchen6e
232,15 Saint Paul Crossing,California,cpadginton6f
233,13866 Westend Trail,New Mexico,wludwikiewicz6g
235,68 Bluestem Pass,California,vpiatkowski6i
238,5643 Debra Place,Utah,bmirando6l
239,47793 Eastlawn Road,Michigan,wpitbladdo6m
240,9 Anderson Lane,Alabama,bchappel6n
241,41641 Surrey Point,Louisiana,bosban6o
243,868 Northridge Drive,Kansas,kboath6q
245,2785 East Pass,Michigan,ghounsom6s
247,564 Comanche Street,Nevada,ckall6u
248,06896 Acker Way,Pennsylvania,nciccarelli6v
249,55 Pleasure Terrace,New York,kgadault6w
252,241 Pennsylvania Street,Virginia,tbalmer6z
254,7471 Old Gate Hill,Florida,rbeccera71
255,19 Gina Trail,Virginia,dfielden72
256,1 Summit Avenue,Texas,gscown73
257,55 Miller Court,Texas,kscandroot74
260,61 Lukken Road,California,dgwynn77
261,7 Michigan Alley,Texas,gpagden78
264,8882 Magdeline Pass,South Carolina,rstubbeley7b
272,1 Briar Crest Parkway,California,bphripp7j
278,2 Schmedeman Crossing,District of Columbia,jmarciskewski7p
280,29 Esch Pass,Michigan,smcart7r
282,489 Loftsgordon Junction,Oklahoma,fnewlove7t
283,7300 Lawn Terrace,California,akinforth7u
284,262 Sage Hill,South Dakota,avobes7v
287,72965 Red Cloud Place,California,sofen7y
288,7 La Follette Center,Texas,rkirstein7z
289,7 Dennis Parkway,Pennsylvania,dgermann80
292,01 Grover Terrace,Missouri,jpatise83
293,405 Washington Hill,District of Columbia,gepps84
294,706 Westerfield Pass,California,abackhouse85
295,1 Bobwhite Parkway,Texas,caffron86
299,04134 Forest Pass,Virginia,sdagnan8a
300,24565 Schiller Park,Missouri,phayne8b
301,3413 Hudson Pass,Ohio,zkell8c
303,066 Park Meadow Park,Indiana,vwinspeare8e
305,49466 Forest Dale Terrace,Minnesota,lpreston8g
306,250 Vidon Road,Pennsylvania,lbretelle8h
309,95 Eagle Crest Crossing,Alaska,ccritten8k
310,555 Northview Circle,Iowa,fleads8l
312,83413 Kim Trail,Texas,sdesvignes8n
313,99630 Surrey Plaza,Florida,ktremollet8o
314,8 Springs Plaza,Arizona,adelmonte8p
317,1 Kings Drive,Connecticut,loleszcuk8s
318,547 Spaight Park,District of Columbia,kpracy8t
322,6 Delaware Crossing,Texas,zbriars8x
324,970 Stoughton Pass,Florida,dbukowski8z
325,94285 Manley Trail,West Virginia,krundall90
326,49897 Forest Crossing,Georgia,kschermick91
329,476 Caliangt Place,Iowa,cthomen94
330,06608 Dovetail Alley,Pennsylvania,alemmon95
331,71 Chive Park,Ohio,zparnall96
332,44 Northfield Court,Illinois,epostance97
335,23398 Columbus Hill,Florida,jyewen9a
336,0 Nevada Street,District of Columbia,pburet9b
341,31 Dottie Terrace,California,cmushett9g
343,69 Gale Drive,Ohio,ajaram9i
350,9723 Schurz Lane,Ohio,msalazar9p
353,65 Onsgard Terrace,Illinois,lgiggie9s
354,5 Huxley Plaza,Tennessee,salsop9t
355,1 Porter Parkway,Colorado,giohananof9u
362,784 Blaine Terrace,Florida,fmcgrirla1
363,177 Mosinee Drive,Ohio,kmcneea2
364,402 Helena Center,Florida,devea3
367,026 Lakeland Parkway,Tennessee,rbinga6
368,3 5th Point,Indiana,tdriolia7
370,2356 Dahle Circle,Missouri,nbrosettia9
372,8 Redwing Lane,Arizona,iginglesab
374,607 Monterey Park,Georgia,kwillsheead
375,911 Autumn Leaf Road,Indiana,ewrayae
376,99 Oak Alley,Ohio,icamplejohnaf
378,0 Longview Point,Texas,dhalladeyah
380,7 Magdeline Alley,Oklahoma,agraftonherbertaj
381,7833 Gale Hill,North Dakota,fkaleyak
382,501 Washington Park,Virginia,rskewesal
383,7 Thackeray Crossing,Ohio,cgersonam
384,092 South Alley,Virginia,lhaskewan
386,9426 Chive Hill,New York,iwharfap
388,7761 Amoth Plaza,New York,hroullierar
389,794 Superior Alley,Tennessee,efreddias
390,068 Shasta Circle,Pennsylvania,ktiltmanat
393,5993 Chinook Place,Oklahoma,mmaclarenaw
395,02 Sheridan Crossing,Iowa,qscrowbyay
397,50 Rieder Avenue,Iowa,mglavesb0
398,46611 Clarendon Way,Illinois,mpenwrightb1
399,3 Buena Vista Junction,Idaho,bbusbyb2
405,7 4th Trail,Louisiana,tpenmanb8
406,16 Warner Way,Wisconsin,cmcilwrathb9
410,74 Blackbird Pass,Pennsylvania,kwetheredbd
412,38 Bunting Lane,Washington,sjensonbf
414,05 Garrison Terrace,California,ttrevithickbh
416,17 Garrison Street,Maryland,abraistedbj
418,0 Kenwood Park,Florida,aeddisfordbl
420,19567 Havey Avenue,Nevada,clamarbn
421,100 Goodland Terrace,Iowa,cdennebo
422,32 Surrey Hill,New York,phadleybp
423,109 Village Pass,New York,giacobaccibq
424,01006 Eastlawn Hill,Washington,igoulderbr
426,8466 Iowa Lane,California,krisingbt
427,083 Gulseth Way,Texas,aimpettbu
428,7 Colorado Alley,New York,edickmanbv
432,1 Packers Lane,New Mexico,pmolnarbz
433,21 Karstens Lane,Rhode Island,pborleacec0
437,2 Pearson Street,Texas,bgeddisc4
439,00 Haas Way,Michigan,ddegnenc6
440,8696 Utah Avenue,Florida,kofergusc7
443,91778 Bowman Court,Florida,slazarca
446,97414 Hazelcrest Crossing,Indiana,mabrahamovitzcd
447,9 Novick Crossing,Wisconsin,gconnachance
449,95 2nd Crossing,Ohio,mwoodfincg
450,3955 Nova Circle,New York,cyarnoldch
451,020 Ohio Place,California,sskudderci
453,54 Brown Lane,Texas,ibrunstanck
455,702 Sunbrook Pass,Tennessee,avongladbachcm
456,8 Mcbride Alley,Wisconsin,ksympercn
458,755 Stone Corner Street,District of Columbia,egarfirthcp
459,17 Ronald Regan Pass,California,rbruninicq
461,15 4th Point,Texas,mloniecs
462,19 Cascade Alley,Virginia,bhazaelct
464,678 Melby Way,Florida,mnarbettcv
465,1204 Di Loreto Crossing,New York,abaynescw
466,34350 La Follette Place,Texas,wbeesecx
469,4892 Sutteridge Crossing,Pennsylvania,jnapolid0
472,65 Clemons Trail,Texas,lbaldingd3
476,884 Canary Drive,Washington,smincinid7
477,663 Shasta Terrace,Texas,bmacdonaghd8
480,2744 Lakeland Place,Indiana,pwingatedb
481,670 Union Plaza,Montana,ldalliwatrdc
482,899 Helena Court,Texas,hhedgemandd
485,5 Victoria Trail,Texas,ybournedg
488,3 Northport Crossing,Michigan,oknaptondj
489,6499 Debs Alley,Virginia,hshackletondk
493,04 Mesta Hill,Virginia,hcaberado
494,2 Kim Way,Kansas,lpaddledp
498,705 Hollow Ridge Park,Louisiana,rcuestadt
501,88621 Burning Wood Circle,Nevada,mloughandw
503,928 Burning Wood Lane,Missouri,wsimondsondy
506,3953 Rigney Lane,Ohio,tyarnalle1
507,6412 Dennis Court,Florida,eashcrofte2
511,5 Mosinee Point,Kansas,ksimane6
512,2728 Namekagon Center,Florida,eblackneye7
516,1201 North Terrace,Pennsylvania,cdeatheb
518,6017 Bluejay Place,Pennsylvania,oroizined
519,5128 American Trail,Colorado,asharnockee
520,477 Twin Pines Hill,Texas,kccominief
521,7130 Corben Circle,Michigan,evanyutineg
522,0 Sugar Park,Florida,mblakslandeh
527,340 Spohn Point,Georgia,jstaversem
528,895 Morningstar Terrace,District of Columbia,civachyoven
529,28 Del Mar Road,Washington,amactrustrameo
530,45 Alpine Point,Connecticut,gskuseep
531,2355 Garrison Street,Nevada,egiriardellieq
532,817 Bunker Hill Alley,North Carolina,dstronougher
533,7 Kenwood Lane,District of Columbia,sbradderes
534,90938 Manufacturers Avenue,Oregon,cguilloneauet
535,092 Ridgeway Parkway,District of Columbia,kmulderrigeu
537,736 Oak Valley Place,Michigan,fgerritzenew
541,6 Jenifer Alley,Arizona,tcaberasf0
544,801 Kennedy Parkway,District of Columbia,ckentishf3
545,2 Ridge Oak Junction,New Jersey,dkeaseyf4
546,8040 Springview Trail,Florida,fskucef5
552,4 Swallow Place,Texas,hcolbranfb
553,8 Mayer Park,Arkansas,adanilishinfc
554,47365 Fremont Pass,Kentucky,rhempelfd
555,84 Carberry Plaza,Oklahoma,kgorghettofe
557,447 Reindahl Point,South Carolina,bdumphreyfg
558,693 Grim Road,Texas,brankinefh
559,3150 Independence Center,Louisiana,ctomkiesfi
560,05440 Mallory Drive,Indiana,bsebleyfj
564,02587 Buena Vista Lane,Florida,pjeanenetfn
567,47 Village Green Park,California,gwinterscalefq
569,46 Bay Hill,Connecticut,glantuffefs
575,558 La Follette Place,Missouri,otumefy
577,900 Mesta Pass,Indiana,blorencg0
578,1020 Nova Center,Georgia,seskriggg1
579,9331 Mifflin Crossing,Texas,ifeyg2
581,30323 Sauthoff Trail,Washington,mfolshomg4
584,1621 Prairie Rose Avenue,Arizona,rogormleyg7
589,2577 Drewry Point,Washington,jkewgc
593,89 Beilfuss Alley,Florida,apetrassogg
598,03812 Barby Road,Connecticut,jcrackettgl
599,18596 Lakewood Parkway,Massachusetts,gplumergm
603,158 Summerview Pass,Texas,npoultneygq
605,03908 Jana Plaza,Georgia,cruppelings
606,8 Fallview Crossing,Montana,dpeddargt
607,320 Ludington Avenue,Washington,nmcfadegu
609,163 Morrow Park,North Carolina,cbatiegw
610,2821 Blackbird Alley,Massachusetts,cspinettigx
611,620 Fuller Place,District of Columbia,fjimegy
612,6 Manitowish Parkway,California,hsymonesgz
613,2 Graedel Avenue,Missouri,lmackaigh0
614,6147 Clyde Gallagher Park,North Carolina,jbraistedh1
615,2 Kenwood Pass,Oklahoma,emagogh2
616,84838 Fisk Lane,Kentucky,misakovh3
618,2 Glendale Road,Idaho,cnewburyh5
620,973 Service Place,California,cdillwayh7
622,47493 Blaine Junction,California,smcconaghyh9
626,4207 Swallow Parkway,Michigan,sgeerehd
630,4833 Twin Pines Point,New York,ccharltonhh
632,93 Mendota Plaza,Utah,pdreverhj
633,61 Stephen Park,Ohio,hpammenthk
635,8 Westend Crossing,Florida,hfattorinihm
637,6301 Toban Drive,California,cworrellho
639,6 Washington Junction,Florida,gyvenshq
640,125 Mariners Cove Crossing,Oklahoma,alaughlinhr
642,10 Shasta Way,South Dakota,echildeht
643,47356 Moulton Center,California,asparkehu
644,164 Hallows Way,New York,theatheringtonhv
645,69 Ryan Parkway,Hawaii,bclymohw
646,758 Anthes Terrace,Oregon,hlendremhx
647,215 Eastwood Trail,Indiana,crooteshy
648,30287 Warbler Drive,Missouri,gatyeohz
649,87096 Helena Parkway,Virginia,nbeevori0
651,124 Mosinee Lane,Pennsylvania,dwhickmani2
654,251 Sugar Court,Texas,stantumi5
656,50 Algoma Road,Missouri,dabbisi7
657,977 Hovde Hill,California,heuplatei8
658,6784 Fordem Street,Florida,asperwelli9
659,42279 Schiller Way,Colorado,dmatussevichia
662,6177 American Ash Circle,West Virginia,cbidgoodid
665,541 Bay Lane,South Dakota,ceclesig
667,54952 Waubesa Court,Texas,jraviliousii
670,8 Cherokee Pass,Colorado,otewesil
673,04381 Oak Valley Place,Louisiana,bbebisio
679,59 Melody Trail,Texas,lgureryiu
680,9115 Susan Park,Connecticut,hwickersoniv
681,7 Victoria Crossing,California,dpierrepontiw
685,423 Anthes Road,Virginia,tfealtyj0
688,5 Erie Parkway,District of Columbia,icomarj3
689,9 Northfield Pass,Hawaii,cbanbrookj4
690,55384 Hooker Lane,Virginia,lfellneej5
694,34338 Rigney Way,Maryland,dingersonj9
695,364 Dayton Place,Indiana,usammsja
697,5147 Onsgard Alley,Pennsylvania,cbassonjc
698,9550 Arkansas Street,Texas,whaggasjd
702,0006 Hermina Way,Florida,wfloydjh
704,91 Clyde Gallagher Point,Colorado,craddinjj
706,6 Sunnyside Avenue,Georgia,nbraidjl
707,6478 Veith Junction,Florida,iriccijm
710,489 Pierstorff Way,Texas,hemlynjp
712,59 Corscot Place,Colorado,hpoyntzjr
713,9 Holmberg Drive,South Carolina,edolanjs
714,91438 Homewood Avenue,Florida,lwimbushjt
715,3 Orin Point,Indiana,dlinnyju
718,7338 Troy Alley,Texas,ebiaggettijx
723,702 Kipling Drive,Pennsylvania,cdornk2
725,23718 Sunnyside Plaza,Massachusetts,jmacpheek4
726,9 Granby Junction,Alabama,wciobutaruk5
727,930 Spohn Place,Connecticut,hgrowcockk6
728,05900 Goodland Trail,North Carolina,rbillingslyk7
732,61696 Weeping Birch Point,Texas,jalvareskb
734,2 Dorton Circle,California,cstraneokd
737,66183 Corben Crossing,Illinois,vrustedgekg
739,06 Cordelia Crossing,Texas,rtunnahki
740,651 Lotheville Hill,New York,cwarlockkj
741,74 Hallows Plaza,North Carolina,bboaskk
742,03 Redwing Pass,California,sfowneskl
745,9 Springs Way,Nevada,zingamellsko
747,1 Delaware Place,Missouri,wknoxkq
748,63 Mallard Lane,California,jjennokr
749,044 Springs Alley,Connecticut,iitzkoviciks
750,2831 Valley Edge Street,Iowa,mandreekt
751,7853 Homewood Pass,Ohio,sbelfku
753,362 Crest Line Parkway,California,rsawnwykw
754,7 Eagan Alley,North Carolina,cewbanckkx
755,07019 Namekagon Court,North Carolina,bgasnellky
757,0419 Starling Parkway,Nevada,rfancuttl0
758,6716 North Junction,West Virginia,lbaudinl1
760,8847 Hoard Place,North Carolina,hwimmerl3
763,7362 Eagle Crest Terrace,Louisiana,gdayleyl6
764,94327 Dryden Junction,Virginia,bcaffinl7
765,87075 Acker Lane,Florida,kdunbabinl8
766,8 Glendale Drive,California,tpeplowl9
769,425 Shopko Crossing,Missouri,eluquetlc
771,37 Mesta Hill,Florida,vwermerlingle
772,02339 Independence Plaza,California,mgillogleylf
775,0389 Garrison Junction,California,asemarkli
777,43231 Gale Park,Illinois,ghaslumlk
780,9 Hazelcrest Hill,Virginia,akerln
782,714 Tennyson Trail,Georgia,jheckslp
784,84631 Schiller Street,Texas,dmcdavidlr
787,7979 Washington Center,Texas,lhorsfieldlu
788,3252 Pearson Road,Illinois,lhanlonlv
791,34582 Center Trail,Michigan,hgriffittsly
793,18467 Banding Court,North Dakota,hgilhouleym0
794,84298 Village Parkway,Louisiana,llunam1
796,5386 Helena Street,Arizona,askipseam3
798,7694 Utah Road,Massachusetts,snewlingm5
800,8921 Northview Pass,New York,titzcakm7
802,9121 Stoughton Place,Missouri,rgraddellm9
804,503 Leroy Road,Ohio,skeyesmb
805,8328 Arkansas Way,Florida,bmessitermc
806,18 Mccormick Plaza,Indiana,cstannionmd
807,0 Moland Road,New York,sniaveme
809,41172 Mockingbird Court,South Carolina,sangrickmg
812,4521 Barnett Terrace,Florida,winkstermj
813,41 Lien Way,Texas,lpatridgemk
816,36004 Spaight Circle,Colorado,njenneymn
817,7198 Elmside Pass,North Dakota,ogreenlessmo
821,0734 Clove Hill,Texas,slammerichms
823,69642 Dovetail Crossing,California,whedworthmu
826,06 Heath Drive,Ohio,lskellionmx
827,0 Thompson Trail,Texas,btrouncemy
831,01 Mockingbird Crossing,New York,xchuggn2
832,2591 Mifflin Terrace,Texas,akinkaidn3
837,51647 Portage Trail,Arizona,lshipwayn8
840,6 Gina Terrace,Montana,mayrsnb
843,42 Schiller Plaza,North Carolina,klapidusne
849,7780 Morrow Drive,Virginia,gduerdennk
850,118 Shasta Terrace,New York,scastiellonl
854,93 Lakeland Hill,Nevada,sdibbertnp
855,35 Elgar Circle,Florida,dmiddlemissnq
856,2 Bunker Hill Hill,South Carolina,hdomicannr
859,62960 Ronald Regan Drive,Florida,lerleynu
861,78626 Boyd Junction,Colorado,gnodesnw
862,60 Burrows Terrace,New York,rwattnx
869,15224 Sundown Way,Oklahoma,jzumbuscho4
871,5 Marquette Park,Colorado,gdevaso6
875,2698 Mosinee Drive,California,ebeddieoa
878,6014 Fulton Center,Kentucky,hduleyod
879,9 Mandrake Park,Florida,hbruffoe
880,0513 Quincy Lane,Wisconsin,fjaneczekof
881,3742 Cascade Place,California,rmanneringog
885,0608 American Ash Point,California,lleipoldok
886,76780 Manufacturers Center,California,ltosdevinol
887,6845 Merrick Junction,Georgia,rtyrerom
888,32411 Kropf Crossing,Alabama,apitsonon
889,4224 Rowland Lane,District of Columbia,kjowleoo
890,741 Schiller Lane,Kentucky,lschankelborgop
893,57117 Weeping Birch Way,California,lbaggeos
896,472 Basil Pass,Ohio,hbauduinov
900,6286 Havey Park,California,sguynemeroz
903,9081 Merchant Court,Tennessee,lreavellp2
905,1 Forest Run Point,California,plaintonp4
906,4217 Vermont Point,Georgia,fpoleyp5
907,4112 Holmberg Trail,Texas,ghaworthp6
909,69197 Thierer Terrace,Illinois,ngrigollip8
912,69049 Hansons Hill,Illinois,epridenpb
922,57894 Monica Road,Nevada,tchoppinpl
925,26044 Grayhawk Park,Michigan,chickspo
930,1485 Hovde Trail,Kansas,thurrypt
931,8382 Huxley Road,Nebraska,yspierspu
933,26 Starling Alley,Nevada,hbrinkleypw
937,53001 Troy Avenue,North Carolina,ssankeyq0
939,5326 Eastwood Road,Hawaii,fdacthq2
940,9 Barby Circle,Utah,ashellcrossq3
942,198 Havey Road,Kansas,whoulahanq5
944,01 Sutteridge Drive,Minnesota,marmalq7
946,642 Washington Lane,Nebraska,menstoneq9
947,67908 Bartillon Pass,West Virginia,djarleyqa
950,04114 Michigan Drive,Texas,rponnsettqd
951,4 Kedzie Court,Louisiana,jtonryqe
954,2 Shelley Center,Idaho,kallcornqh
955,05805 Talmadge Park,Texas,rdytonqi
958,4120 Continental Pass,Alaska,mjockleql
959,08 Crescent Oaks Plaza,Oregon,ehumblesqm
960,56927 Dexter Trail,Illinois,cremmerqn
962,22296 American Alley,Alabama,nsaffenqp
963,3 Talmadge Plaza,California,ddanilchevqq
964,04759 Beilfuss Drive,Massachusetts,vgenneyqr
965,581 Lotheville Circle,Colorado,frowanqs
966,046 Oak Valley Terrace,New York,kelionqt
968,112 Maywood Road,Texas,rcurlessqv
970,796 Delladonna Park,Kansas,hwakehamqx
971,068 Grasskamp Street,Ohio,tgaydonqy
974,554 Heffernan Trail,California,smatchettr1
976,1 Forest Dale Street,California,aantrobusr3
977,30300 Armistice Terrace,Colorado,gneildr4
979,6 Jay Street,District of Columbia,jaldridger6
982,8623 Haas Crossing,Michigan,tgoadbier9
987,84 Granby Lane,New Jersey,jrudyardre
988,2472 Toban Road,Texas,kduffilrf
990,96203 Northport Avenue,California,apeacockerh
994,64618 Cordelia Junction,New Jersey,kworlockrl
996,66 Rockefeller Hill,Florida,lcripwellrn
998,3 Melody Road,Florida,eephgraverp
999,50 Gale Street,Washington,kdenajerarq
1000,41 Prentice Junction,South Carolina,lruffeyrr
